<?xml version="1.0" ?>
<generalCalibration
type="ScheimpWedgeCalibration"
sensor="M30">
<target>
<dotwedge
xDistance="4"
zDistance="1.235825"
intensityThreshold="-1"
minAreaPixels="100"
maxAreaPixels="100000"
maxDistanceToGrid="25"
gridBinSize="8">
</dotwedge>
<position
firstDotX="0"
firstDotZ="0"
autoMoveToFillLUT="true">
</position>
</target>
<localView
mirrored="true"
upsideDown="true"
rangeAxisStandard="true">
</localView>
<optimization>
<lensModelStartSolution
opticalCenterX="1280"
opticalCenterY="504"
radialDistortion2="0.0"
radialDistortion4="0.0">
</lensModelStartSolution>
<lensModelEstimation
OptimizeOpticalCenterX="true"
OptimizeOpticalCenterY="true"
NumberOfRadialComponents="2"
OptimizeTangentialComponents="true"
OptimizeScheimpflugTilt="true"
OptimizeScheimpflugRoll="true">
</lensModelEstimation>
</optimization>
</generalCalibration>
